Baco, Oriental Mindoro
Marilao, Bulacan
Antipolo, Rizal
Bacolod, Lanao del Norte
Baggao, Cagayan
Obando, Bulacan
Cauayan, Negros Occidental
Asuncion, Davao del Norte
Gloria, Oriental Mindoro
Valderrama, Antique
Buenavista, Agusan del Norte
Bulacan, Bulacan
Gonzaga, Cagayan
Laua-An, Antique
Mandaluyong, Metropolitan Manila
Conner, Apayao
Alcala, Cagayan
Dingras, Ilocos Norte
Pontevedra, Capiz
Pola, Oriental Mindoro
Victoria, Oriental Mindoro
Calabanga, Camarines Sur
San Teodoro, Oriental Mindoro
Basey, Samar
Barotac Viejo, Iloilo
Pasuquin, Ilocos Norte
Nueva Era, Ilocos Norte
Compostela, Cebu
Piat, Cagayan
Dumarao, Capiz
Alaminos, Laguna
Aurora, Zamboanga del Sur
Muntinlupa, Metropolitan Manila
Jamindan, Capiz
Bugasong, Antique
New Corella, Davao del Norte
Jovellar, Albay
San Jose, Tarlac
Guinobatan, Albay
La Paz, Leyte
Lasam, Cagayan
Las Piñas, Metropolitan Manila
Daraga, Albay
Badiangan, Iloilo
Dulag, Leyte
Libertad, Misamis Oriental
Magsaysay, Misamis Oriental
Panay, Capiz
Piddig, Ilocos Norte
Sablan, Benguet
Sarrat, Ilocos Norte
Roxas, Isabela
Aguilar, Pangasinan
Aparri, Cagayan
Banate, Iloilo
Baungon, Bukidnon
Buguey, Cagayan
Leganes, Iloilo
Manolo Fortich, Bukidnon
Mansalay, Oriental Mindoro
Ramos, Tarlac
San Enrique, Iloilo
Solana, Cagayan
Taguig, Metropolitan Manila
Tuao, Cagayan
Cuartero, Capiz
Camaligan, Camarines Sur
Pateros, Metropolitan Manila
Valenzuela, Metropolitan Manila
Ivisan, Capiz
Marikina, Metropolitan Manila
San Isidro, Bohol
Mawab, Compostela Valley
Camalig, Albay
Barbaza, Antique
Patnongon, Antique
Mina, Iloilo
Santa Fe, Leyte
Liloan, Cebu
Maco, Compostela Valley
Tapaz, Capiz
Ilog, Negros Occidental
Dumangas, Iloilo
Gattaran, Cagayan
New Lucena, Iloilo
Navotas, Metropolitan Manila
Amulung, Cagayan
San Fernando, Camarines Sur
Pozzorubio, Pangasinan
San Vicente, Ilocos Sur
Manila, Metropolitan Manila
Quirino, Isabela
Parang, Maguindanao
Cabuyao, Laguna
Parañaque, Metropolitan Manila
Braulio E. Dujali, Davao del Norte
Manapla, Negros Occidental
Pio Duran, Albay
Janiuay, Iloilo
Allacapan, Cagayan
Tibiao, Antique
San Nicolas, Ilocos Norte
Santiago, Agusan del Norte
Sara, Iloilo
Tanauan, Leyte
Magallanes, Agusan del Norte
Quezon, Isabela
Carmen, Davao del Norte
Mabini, Compostela Valley
Alcala, Pangasinan
Victoria, Tarlac
La Paz, Tarlac
Burgos, Isabela
Burgos, La Union
Roxas, Oriental Mindoro
Rizal, Kalinga
Rizal, Cagayan
Carmen, Agusan del Norte
Mabini, Pangasinan
Abuyog, Leyte
Agoo, La Union
Alabel, Sarangani
Albuquerque, Bohol
Alfonso Lista, Ifugao
Alubijid, Misamis Oriental
Anao, Tarlac
Angono, Rizal
Anilao, Iloilo
Antequera, Bohol
Aringay, La Union
Asingan, Pangasinan
Bacarra, Ilocos Norte
Baclayon, Bohol
Baguio City, Benguet
Bagulin, La Union
Balangiga, Eastern Samar
Balilihan, Bohol
Ballesteros, Cagayan
Balungao, Pangasinan
Bangued, Abra
Banna, Ilocos Norte
Bansud, Oriental Mindoro
Bantay, Ilocos Sur
Barotac Nuevo, Iloilo
Baroy, Lanao del Norte
Basista, Pangasinan
Batac City, Ilocos Norte
Batangas City, Batangas
Bauang, La Union
Bautista, Pangasinan
Bayambang, Pangasinan
Binalonan, Pangasinan
Binmaley, Pangasinan
Bombon, Camarines Sur
Bongabong, Oriental Mindoro
Botolan, Zambales
Bugallon, Pangasinan
Bulalacao, Oriental Mindoro
Butuan City, Agusan del Norte
Caba, La Union
Cabadbaran City, Agusan del Norte
Cabagan, Isabela
Cabangan, Zambales
Cabatuan, Iloilo
Cabusao, Camarines Sur
Cadiz City, Negros Occidental
Cagayan de Oro City, Misamis Oriental
Cainta, Rizal
Calamba City, Laguna
Calapan City, Oriental Mindoro
Calasiao, Pangasinan
Calauan, Laguna
Calinog, Iloilo
Camalaniugan, Cagayan
Camiling, Tarlac
Canaman, Camarines Sur
Candelaria, Quezon
Caoayan, Ilocos Sur
Carasi, Ilocos Norte
Castillejos, Zambales
Corella, Bohol
Cortes, Bohol
Cotabato City, Maguindanao
Cuyapo, Nueva Ecija
Dagupan City, Pangasinan
Dao, Capiz
Datu Odin Sinsuat, Maguindanao
Davao City, Davao del Sur
Delfin Albano, Isabela
Dingle, Iloilo
Dolores, Quezon
Donsol, Sorsogon
Duenas, Iloilo
El Salvador City, Misamis Oriental
Enrile, Cagayan
Enrique B. Magalona, Negros Occidental
Escalante City, Negros Occidental
Gainza, Camarines Sur
Gamu, Isabela
General Nakar, Quezon
General Santos City, South Cotabato
Gerona, Tarlac
Gitagum, Misamis Oriental
Guimba, Nueva Ecija
Himamaylan City, Negros Occidental
Iba, Zambales
Ibaan, Batangas
Iguig, Cagayan
Ilagan, Isabela
Iligan City, Lanao del Norte
Iloilo City, Iloilo
Infanta, Quezon
Infanta, Pangasinan
Initao, Misamis Oriental
Jabonga, Agusan del Norte
Jasaan, Misamis Oriental
Julita, Leyte
Kabankalan City, Negros Occidental
Kabuntalan, Shariff Kabunsuan
Kalookan City, Metropolitan Manila
Kapangan, Benguet
Kapatagan, Lanao del Norte
La Trinidad, Benguet
Labrador, Pangasinan
Laguindingan, Misamis Oriental
Lal-Lo, Cagayan
Lala, Lanao del Norte
Lambunao, Iloilo
Langiden, Abra
Laoac, Pangasinan
Laoag City, Ilocos Norte
Lian, Batangas
Libmanan, Camarines Sur
Licab, Nueva Ecija
Lingayen, Pangasinan
Lipa City, Batangas
Lucena City, Quezon
Ma Ayon, Capiz
Magarao, Camarines Sur
Magsingal, Ilocos Sur
Maigo, Lanao del Norte
Makati City, Metropolitan Manila
Malabon, Metropolitan Manila
Malasiqui, Pangasinan
Malitbog, Bukidnon
Mallig, Isabela
Manaoag, Pangasinan
Mangaldan, Pangasinan
Mangatarem, Pangasinan
Mapandan, Pangasinan
Marcos, Ilocos Norte
Maribojoc, Bohol
Mayantoc, Tarlac
Mayorga, Leyte
Meycauayan City, Bulacan
Milaor, Camarines Sur
Minalabac, Camarines Sur
Minglanilla, Cebu
Moncada, Tarlac
Muñoz City, Nueva Ecija
Naga City, Camarines Sur
Naguilian, La Union
Nampicuan, Nueva Ecija
Narvacan, Ilocos Sur
Nasugbu, Batangas
Natividad, Pangasinan
Naujan, Oriental Mindoro
Northern Kabuntalan, Maguindanao
Opol, Misamis Oriental
Padre Garcia, Batangas
Palo, Leyte
Pamplona, Camarines Sur
Panabo City, Davao del Norte
Paniqui, Tarlac
Panitan, Capiz
Paoay, Ilocos Norte
Paoay Lake, Ilocos Norte
Paracelis, Mountain Province
Pasay City, Metropolitan Manila
Pasig City, Metropolitan Manila
Passi City, Iloilo
Pavia, Iloilo
Peñablanca, Cagayan
Pidigan, Abra
Pigkawayan, North Cotabato
Pilar, Sorsogon
Pinabacdao, Samar
Pinili, Ilocos Norte
Pinukpuk, Kalinga
Pototan, Iloilo
Pugo, La Union
Pura, Tarlac
Quezon City, Metropolitan Manila
Real, Quezon
Remedios T. Romualdez, Agusan del Norte
Rodriguez, Rizal
Rosales, Pangasinan
Rosario, La Union
Rosario, Batangas
Roxas City, Capiz
Sagay City, Negros Occidental
Salvador, Lanao del Norte
San Antonio, Quezon
San Antonio, Zambales
San Carlos City, Pangasinan
San Clemente, Tarlac
San Fabian, Pangasinan
San Felipe, Zambales
San Fernando City, La Union
San Gabriel, La Union
San Ildefonso, Ilocos Sur
San Jacinto, Pangasinan
San Jose del Monte City, Bulacan
San Juan, Metropolitan Manila
San Juan, Ilocos Sur
San Juan, Batangas
San Manuel, Pangasinan
San Manuel, Tarlac
San Marcelino, Zambales
San Mateo, Rizal
San Narciso, Zambales
San Pablo, Isabela
San Pablo City, Laguna
San Pedro, Laguna
San Quintin, Pangasinan
San Quintin, Abra
San Rafael, Iloilo
San Remigio, Antique
Santa, Ilocos Sur
Santa Barbara, Iloilo
Santa Barbara, Pangasinan
Santa Catalina, Ilocos Sur
Santa Cruz, Davao del Sur
Santa Ignacia, Tarlac
Santa Maria, Pangasinan
Santa Maria, Isabela
Santa Rita, Samar
Santa Rosa City, Laguna
Santa Teresita, Cagayan
Santo Domingo, Ilocos Sur
Santo Niño, Cagayan
Santo Tomas, Davao del Norte
Santo Tomas, Pangasinan
Santo Tomas, Isabela
Santo Tomas, La Union
Sapad, Lanao del Norte
Sariaya, Quezon
Sigma, Capiz
Sikatuna, Bohol
Silay City, Negros Occidental
Sison, Pangasinan
Socorro, Oriental Mindoro
Solsona, Ilocos Norte
Subic, Zambales
Sultan Kudarat, Maguindanao
Sultan Mastura, Maguindanao
Tabuk City, Kalinga
Tacloban City, Leyte
Tagbilaran City, Bohol
Tagoloan, Misamis Oriental
Tagum City, Davao del Norte
Talisay City, Negros Occidental
Talisay City, Cebu
Talugtug, Nueva Ecija
Tarlac City, Tarlac
Tayabas City, Quezon
Taysan, Batangas
Taytay, Rizal
Tayug, Pangasinan
Teresa, Rizal
Tiaong, Quezon
Tuba, Benguet
Tubao, La Union
Tubay, Agusan del Norte
Tublay, Benguet
Tubod, Lanao del Norte
Tuguegarao City, Cagayan
Tumauini, Isabela
Tuy, Batangas
Umingan, Pangasinan
Urbiztondo, Pangasinan
Urdaneta City, Pangasinan
Victorias City, Negros Occidental
Vigan City, Ilocos Sur
Villanueva, Misamis Oriental
Villareal, Samar
Villasis, Pangasinan
Vintar, Ilocos Norte
Zamboanga City, Zamboanga del Sur
Zarraga, Iloilo
